Breed,Photos
Akita,6
Alaskan Malamute,5
Australian Shepherd,6
Basenji,6
Basset Hound,5
Beagle,7
Bichon Frise,3
Bloodhound,7
Border Collie,6
Borzoi,5
Brussels Griffon,4
Bull Terrier,4
Bulldog,7
Chihuahua,7
Chow Chow,5
Dachshund,7
Dalmatian,6
Doberman,3
English Toy Spaniel,3
Finnish Lapphund,3
Great Pyrenees,4
Irish Terrier,3
Irish Wolfhound,3
Jack Russell Terrier,6
Japanese Chin,3
Kerry Blue Terrier,3
Leonberger,3
Lhasa Apso,3
Mastiff,5
Newfoundland,5
Norwegian Elkhound,3
Otterhound,3
Papillon,6
Pekingese,4
Pointer,4
Poodle,6
Portuguese Water Dog,3
Pug,5
Rottweiler,8
Saint Bernard,5
Saluki,6
Samoyed,6
Shiba Inu,4
Siberian Husky,7
Skye Terrier,3
Vizsla,3
Weimaraner,3
Whippet,5
